<?xml version="1.0" encoding="UTF-8" standalone="yes"?>
<rtc:RtcProfile rtc:version="0.2" rtc:id="RTC:AIST:Controller:RobotController:1.0.0" xmlns:rtc="http://www.openrtp.org/namespaces/rtc" xmlns:rtcExt="http://www.openrtp.org/namespaces/rtc_ext" xmlns:rtcDoc="http://www.openrtp.org/namespaces/rtc_doc" xmlns:xsi="http://www.w3.org/2001/XMLSchema-instance">
    <rtc:BasicInfo xsi:type="rtcExt:basic_info_ext" rtcExt:saveProject="RobotController_py" rtc:updateDate="2017-06-21T10:52:15+09:00" rtc:creationDate="2017-06-09T17:06:44+09:00" rtc:abstract="講習会用Raspberry Piマウス操作コンポーネント" rtc:version="1.0.0" rtc:vendor="AIST" rtc:maxInstances="1" rtc:executionType="PeriodicExecutionContext" rtc:executionRate="1000.0" rtc:description="Robot Controller Component" rtc:category="Controller" rtc:componentKind="DataFlowComponent" rtc:activityType="PERIODIC" rtc:componentType="STATIC" rtc:name="RobotController">
        <rtcDoc:Doc rtcDoc:reference="" rtcDoc:license="" rtcDoc:creator="宮本　信彦　n-miyamoto@aist.go.jp&lt;br/&gt;産業技術総合研究所　ロボットイノベーション研究センター&lt;br/&gt;ロボットソフトウエアプラットフォーム研究チーム" rtcDoc:algorithm="" rtcDoc:inout="" rtcDoc:description="講習会用Raspberry Piマウス操作コンポーネント"/>
        <rtcExt:VersionUpLogs></rtcExt:VersionUpLogs>
        <rtcExt:VersionUpLogs></rtcExt:VersionUpLogs>
    </rtc:BasicInfo>
    <rtc:Actions>
        <rtc:OnInitialize xsi:type="rtcDoc:action_status_doc" rtc:implemented="true"/>
        <rtc:OnFinalize xsi:type="rtcDoc:action_status_doc" rtc:implemented="false"/>
        <rtc:OnStartup xsi:type="rtcDoc:action_status_doc" rtc:implemented="false"/>
        <rtc:OnShutdown xsi:type="rtcDoc:action_status_doc" rtc:implemented="false"/>
        <rtc:OnActivated xsi:type="rtcDoc:action_status_doc" rtc:implemented="true"/>
        <rtc:OnDeactivated xsi:type="rtcDoc:action_status_doc" rtc:implemented="true"/>
        <rtc:OnAborting xsi:type="rtcDoc:action_status_doc" rtc:implemented="false"/>
        <rtc:OnError xsi:type="rtcDoc:action_status_doc" rtc:implemented="false"/>
        <rtc:OnReset xsi:type="rtcDoc:action_status_doc" rtc:implemented="false"/>
        <rtc:OnExecute xsi:type="rtcDoc:action_status_doc" rtc:implemented="true"/>
        <rtc:OnStateUpdate xsi:type="rtcDoc:action_status_doc" rtc:implemented="false"/>
        <rtc:OnRateChanged xsi:type="rtcDoc:action_status_doc" rtc:implemented="false"/>
        <rtc:OnAction xsi:type="rtcDoc:action_status_doc" rtc:implemented="false"/>
        <rtc:OnModeChanged xsi:type="rtcDoc:action_status_doc" rtc:implemented="false"/>
    </rtc:Actions>
    <rtc:ConfigurationSet>
        <rtc:Configuration xsi:type="rtcExt:configuration_ext" rtcExt:variableName="" rtc:unit="m/s" rtc:defaultValue="0.0" rtc:type="double" rtc:name="speed_x">
            <rtc:Constraint>
                <rtc:ConstraintUnitType>
                    <rtc:And>
                        <rtc:Constraint>
                            <rtc:ConstraintUnitType>
                                <rtc:propertyIsGreaterThan rtc:matchCase="false">
                                    <rtc:Literal>-1.5</rtc:Literal>
                                </rtc:propertyIsGreaterThan>
                            </rtc:ConstraintUnitType>
                        </rtc:Constraint>
                        <rtc:Constraint>
                            <rtc:ConstraintUnitType>
                                <rtc:propertyIsLessThan rtc:matchCase="false">
                                    <rtc:Literal>1.5</rtc:Literal>
                                </rtc:propertyIsLessThan>
                            </rtc:ConstraintUnitType>
                        </rtc:Constraint>
                    </rtc:And>
                </rtc:ConstraintUnitType>
            </rtc:Constraint>
            <rtcDoc:Doc rtcDoc:constraint="-1.5&lt;x&lt;1.5" rtcDoc:range="" rtcDoc:unit="m/s" rtcDoc:description="速度の設定" rtcDoc:defaultValue="0.0" rtcDoc:dataname="speed_x"/>
            <rtcExt:Properties rtcExt:value="slider.0.01" rtcExt:name="__widget__"/>
        </rtc:Configuration>
        <rtc:Configuration xsi:type="rtcExt:configuration_ext" rtcExt:variableName="" rtc:unit="rad/s" rtc:defaultValue="0.0" rtc:type="double" rtc:name="speed_r">
            <rtc:Constraint>
                <rtc:ConstraintUnitType>
                    <rtc:And>
                        <rtc:Constraint>
                            <rtc:ConstraintUnitType>
                                <rtc:propertyIsGreaterThan rtc:matchCase="false">
                                    <rtc:Literal>-2.0</rtc:Literal>
                                </rtc:propertyIsGreaterThan>
                            </rtc:ConstraintUnitType>
                        </rtc:Constraint>
                        <rtc:Constraint>
                            <rtc:ConstraintUnitType>
                                <rtc:propertyIsLessThan rtc:matchCase="false">
                                    <rtc:Literal>2.0</rtc:Literal>
                                </rtc:propertyIsLessThan>
                            </rtc:ConstraintUnitType>
                        </rtc:Constraint>
                    </rtc:And>
                </rtc:ConstraintUnitType>
            </rtc:Constraint>
            <rtcDoc:Doc rtcDoc:constraint="-2.0&lt;x&lt;2.0" rtcDoc:range="" rtcDoc:unit="rad/s" rtcDoc:description="回転速度" rtcDoc:defaultValue="0.0" rtcDoc:dataname="speed_r"/>
            <rtcExt:Properties rtcExt:value="slider.0.01" rtcExt:name="__widget__"/>
        </rtc:Configuration>
        <rtc:Configuration xsi:type="rtcExt:configuration_ext" rtcExt:variableName="" rtc:unit="" rtc:defaultValue="30" rtc:type="int" rtc:name="stop_d">
            <rtcDoc:Doc rtcDoc:constraint="" rtcDoc:range="" rtcDoc:unit="" rtcDoc:description="停止状態に遷移するためのセンサの値" rtcDoc:defaultValue="30" rtcDoc:dataname="stop_d"/>
            <rtcExt:Properties rtcExt:value="text" rtcExt:name="__widget__"/>
        </rtc:Configuration>
    </rtc:ConfigurationSet>
    <rtc:DataPorts xsi:type="rtcExt:dataport_ext" rtcExt:position="LEFT" rtcExt:variableName="" rtc:unit="" rtc:subscriptionType="" rtc:dataflowType="" rtc:interfaceType="" rtc:idlFile="" rtc:type="RTC::TimedShortSeq" rtc:name="in" rtc:portType="DataInPort">
        <rtcDoc:Doc rtcDoc:operation="" rtcDoc:occerrence="" rtcDoc:unit="" rtcDoc:semantics="" rtcDoc:number="4" rtcDoc:type="RTC::TimedShortSeq" rtcDoc:description="距離センサのデータを入力"/>
    </rtc:DataPorts>
    <rtc:DataPorts xsi:type="rtcExt:dataport_ext" rtcExt:position="RIGHT" rtcExt:variableName="" rtc:unit="" rtc:subscriptionType="" rtc:dataflowType="" rtc:interfaceType="" rtc:idlFile="" rtc:type="RTC::TimedVelocity2D" rtc:name="out" rtc:portType="DataOutPort">
        <rtcDoc:Doc rtcDoc:operation="" rtcDoc:occerrence="" rtcDoc:unit="m,rad" rtcDoc:semantics="" rtcDoc:number="" rtcDoc:type="RTC::TimedVelocity2D" rtcDoc:description="目標速度出力"/>
    </rtc:DataPorts>
    <rtc:Language xsi:type="rtcExt:language_ext" rtc:kind="Python"/>
</rtc:RtcProfile>
