<?xml version="1.0" encoding="UTF-8" standalone="yes"?>
<rtc:RtcProfile rtc:version="0.2" rtc:id="RTC:AIST:Sample:testARToolKit:1.0.0" xmlns:rtc="http://www.openrtp.org/namespaces/rtc" xmlns:rtcExt="http://www.openrtp.org/namespaces/rtc_ext" xmlns:rtcDoc="http://www.openrtp.org/namespaces/rtc_doc" xmlns:xsi="http://www.w3.org/2001/XMLSchema-instance">
    <rtc:BasicInfo xsi:type="rtcExt:basic_info_ext" rtcExt:saveProject="testARToolKit" rtc:updateDate="2018-06-01T16:19:35.072+09:00" rtc:creationDate="2018-05-25T15:52:27+09:00" rtc:abstract="ARToolkitPlusコンポーネントでロボットを制御するサンプル" rtc:version="1.0.0" rtc:vendor="AIST" rtc:maxInstances="1" rtc:executionType="PeriodicExecutionContext" rtc:executionRate="1000.0" rtc:description="test ARToolKitPlus" rtc:category="Sample" rtc:componentKind="DataFlowComponent" rtc:activityType="PERIODIC" rtc:componentType="STATIC" rtc:name="testARToolKit">
        <rtcDoc:Doc rtcDoc:reference="" rtcDoc:license="" rtcDoc:creator="宮本　信彦　n-miyamoto@aist.go.jp&lt;br/&gt;産業技術総合研究所　ロボットイノベーション研究センター&lt;br/&gt;ロボットソフトウエアプラットフォーム研究チーム" rtcDoc:algorithm="" rtcDoc:inout="" rtcDoc:description="ARToolkitPlusコンポーネントでロボットを制御するサンプル"/>
        <rtcExt:VersionUpLogs></rtcExt:VersionUpLogs>
    </rtc:BasicInfo>
    <rtc:Actions>
        <rtc:OnInitialize xsi:type="rtcDoc:action_status_doc" rtc:implemented="true"/>
        <rtc:OnFinalize xsi:type="rtcDoc:action_status_doc" rtc:implemented="true"/>
        <rtc:OnStartup xsi:type="rtcDoc:action_status_doc" rtc:implemented="true"/>
        <rtc:OnShutdown xsi:type="rtcDoc:action_status_doc" rtc:implemented="true"/>
        <rtc:OnActivated xsi:type="rtcDoc:action_status_doc" rtc:implemented="true"/>
        <rtc:OnDeactivated xsi:type="rtcDoc:action_status_doc" rtc:implemented="true"/>
        <rtc:OnAborting xsi:type="rtcDoc:action_status_doc" rtc:implemented="true"/>
        <rtc:OnError xsi:type="rtcDoc:action_status_doc" rtc:implemented="true"/>
        <rtc:OnReset xsi:type="rtcDoc:action_status_doc" rtc:implemented="true"/>
        <rtc:OnExecute xsi:type="rtcDoc:action_status_doc" rtc:implemented="true"/>
        <rtc:OnStateUpdate xsi:type="rtcDoc:action_status_doc" rtc:implemented="true"/>
        <rtc:OnRateChanged xsi:type="rtcDoc:action_status_doc" rtc:implemented="true"/>
        <rtc:OnAction xsi:type="rtcDoc:action_status_doc" rtc:implemented="true"/>
        <rtc:OnModeChanged xsi:type="rtcDoc:action_status_doc" rtc:implemented="true"/>
    </rtc:Actions>
    <rtc:ConfigurationSet>
        <rtc:Configuration xsi:type="rtcExt:configuration_ext" rtcExt:variableName="" rtc:unit="m" rtc:defaultValue="0.5" rtc:type="double" rtc:name="x_distance">
            <rtcDoc:Doc rtcDoc:constraint="" rtcDoc:range="" rtcDoc:unit="m" rtcDoc:description="マーカーまでの目標距離(X軸)" rtcDoc:defaultValue="0.5" rtcDoc:dataname="distance"/>
            <rtcExt:Properties rtcExt:value="text" rtcExt:name="__widget__"/>
        </rtc:Configuration>
        <rtc:Configuration xsi:type="rtcExt:configuration_ext" rtcExt:variableName="" rtc:unit="m" rtc:defaultValue="0" rtc:type="double" rtc:name="y_distance">
            <rtcDoc:Doc rtcDoc:constraint="" rtcDoc:range="" rtcDoc:unit="m" rtcDoc:description="マーカーまでの目標距離(Y軸)" rtcDoc:defaultValue="0" rtcDoc:dataname="y_distance"/>
            <rtcExt:Properties rtcExt:value="text" rtcExt:name="__widget__"/>
        </rtc:Configuration>
        <rtc:Configuration xsi:type="rtcExt:configuration_ext" rtcExt:variableName="" rtc:unit="m/s" rtc:defaultValue="0.1" rtc:type="double" rtc:name="x_speed">
            <rtcDoc:Doc rtcDoc:constraint="" rtcDoc:range="" rtcDoc:unit="m/s" rtcDoc:description="X軸方向移動速度" rtcDoc:defaultValue="0.1" rtcDoc:dataname="x_speed"/>
            <rtcExt:Properties rtcExt:value="text" rtcExt:name="__widget__"/>
        </rtc:Configuration>
        <rtc:Configuration xsi:type="rtcExt:configuration_ext" rtcExt:variableName="" rtc:unit="rad/s" rtc:defaultValue="0.5" rtc:type="double" rtc:name="r_speed">
            <rtcDoc:Doc rtcDoc:constraint="" rtcDoc:range="" rtcDoc:unit="rad/s" rtcDoc:description="回転方向目標速度" rtcDoc:defaultValue="0.5" rtcDoc:dataname="r_speed"/>
            <rtcExt:Properties rtcExt:value="text" rtcExt:name="__widget__"/>
        </rtc:Configuration>
        <rtc:Configuration xsi:type="rtcExt:configuration_ext" rtcExt:variableName="" rtc:unit="m" rtc:defaultValue="0.1" rtc:type="double" rtc:name="error_range_x">
            <rtcDoc:Doc rtcDoc:constraint="" rtcDoc:range="" rtcDoc:unit="m" rtcDoc:description="X軸方向目標距離の許容範囲" rtcDoc:defaultValue="0.1" rtcDoc:dataname="error_range_x"/>
            <rtcExt:Properties rtcExt:value="text" rtcExt:name="__widget__"/>
        </rtc:Configuration>
        <rtc:Configuration xsi:type="rtcExt:configuration_ext" rtcExt:variableName="" rtc:unit="m" rtc:defaultValue="0.05" rtc:type="double" rtc:name="error_range_y">
            <rtcDoc:Doc rtcDoc:constraint="" rtcDoc:range="" rtcDoc:unit="m" rtcDoc:description="Y軸方向目標距離の許容範囲" rtcDoc:defaultValue="0.05" rtcDoc:dataname="error_range_y"/>
            <rtcExt:Properties rtcExt:value="text" rtcExt:name="__widget__"/>
        </rtc:Configuration>
    </rtc:ConfigurationSet>
    <rtc:DataPorts xsi:type="rtcExt:dataport_ext" rtcExt:position="LEFT" rtcExt:variableName="" rtc:unit="" rtc:subscriptionType="" rtc:dataflowType="" rtc:interfaceType="" rtc:idlFile="" rtc:type="RTC::TimedPose3D" rtc:name="marker_pos" rtc:portType="DataInPort">
        <rtcDoc:Doc rtcDoc:operation="" rtcDoc:occerrence="" rtcDoc:unit="m,rad" rtcDoc:semantics="" rtcDoc:number="" rtcDoc:type="RTC::TimedPose3D" rtcDoc:description="マーカーの位置"/>
    </rtc:DataPorts>
    <rtc:DataPorts xsi:type="rtcExt:dataport_ext" rtcExt:position="RIGHT" rtcExt:variableName="" rtc:unit="" rtc:subscriptionType="" rtc:dataflowType="" rtc:interfaceType="" rtc:idlFile="" rtc:type="RTC::TimedVelocity2D" rtc:name="target_vel" rtc:portType="DataOutPort">
        <rtcDoc:Doc rtcDoc:operation="" rtcDoc:occerrence="" rtcDoc:unit="m, rad" rtcDoc:semantics="" rtcDoc:number="" rtcDoc:type="RTC::TimedPose2D" rtcDoc:description="ロボットの目標位置"/>
    </rtc:DataPorts>
    <rtc:Language xsi:type="rtcExt:language_ext" rtc:kind="C++"/>
</rtc:RtcProfile>
